llzo_wt_percent,ionic_conductivity,youngs_modulus,tensile_strength,operating_temperature,electrolyte_thickness,c_rate,bending_radius,capacity_retention
7.659502314266916,0.00017743599459881884,2.8154624485515938,5.870390704732533,50.15447149123139,115.79697637333605,0.24278008558413192,9.759125166234336,0.6648918983680655
18.518281030692645,0.0007336711658342691,4.298794018343751,10.94387588497328,61.403205215797385,140.69655925915623,0.6380600242322193,6.2385214156015305,0.8460031461520456
15.724643881801672,0.0005483469440255378,9.532631872576006,12.66204587407868,25.08127777045204,110.95852400168981,1.8849119249227964,7.336400445823672,0.8609299654482983
22.05844528906594,0.00040787548852386034,7.333813258378603,3.7317939167954184,68.90284033260087,127.59361649856613,0.9370335906003068,11.126097856210036,0.6761611137525355
11.576050823401443,0.0007736971804684022,1.335843521199157,3.1430533677425267,54.31954347033637,101.78369457178907,1.801598207689017,14.865358077698893,0.7119025598546764
0.6696400573738751,0.00018213960379605856,0.647824071699288,6.0058759088474085,34.289327423096836,53.67181443593731,1.7587932663348056,17.185349064402835,0.550226866589687
5.937658565298301,0.00036322378959791865,6.435670451607027,9.918560937377261,62.44197122882474,90.65473306304605,0.7811650791160187,6.136310237203123,0.6541794175570609
14.575235464071703,0.000492403218579046,4.171523803196711,9.654724447217047,46.41832351679487,70.56029741974903,0.4304315975691908,6.318631986789254,0.8634588432886676
17.865569497864545,0.0006096692058941525,9.04884685053068,12.709411039946048,36.74608415739309,25.39116847995863,1.9251486179502846,13.915647715893057,0.8787961060757267
18.201510049038838,0.00025830190815064865,9.169443391157497,8.51279040421992,78.77200391239117,85.56403022317009,1.859583312290721,15.348551460535145,0.7495710989268504
2.307409133013583,0.0005797136265760683,4.288153375946258,4.062750299058527,27.506269499378778,83.78979445945592,0.31210403050331703,4.605656505777013,0.6390829584631248
1.9279919091862374,0.0006852227812305688,6.91277173330186,10.030028910048522,39.844152529354595,145.69282413630611,0.6439200356095955,9.863340285308436,0.6710555657089992
4.415791406104841,0.0006499335765013459,1.7797010726473452,2.299242633459692,41.01777166876471,99.64279843666199,0.5389782017289177,4.063354238201825,0.6905893222782308
12.723059918298471,0.0008331459522356457,3.650145043026548,7.51845497444774,63.10991266779423,64.46273683691116,0.12287251067403837,12.133518376197308,0.8643920706701831
9.459435331511038,2.479322457025679e-05,6.902245420348766,8.191786122812971,40.16597059240385,142.6138211499521,1.1130301501936677,19.002684362647894,0.691752457703349
23.319204147674277,0.0008200037539788191,6.500657006433821,2.557793518787683,44.23389157961305,40.213743887112166,1.8046579168040489,15.377083197817553,0.700869294823445
18.496536309944172,0.0008625801543510103,6.070503025664455,13.183509041289783,59.77388174050341,31.695395442284067,0.4509340226691736,7.4408212197132295,0.9597614915917159
20.190656882295258,0.00024611192141567366,2.932532187635269,5.218375952958718,64.14335994551075,20.729903070902548,0.1334154618499642,16.450482941249895,0.8243956722417716
14.462536486647636,0.0009680445639642958,8.94658623893308,10.338481641848194,28.592083456690148,140.92117368494687,0.15109796697227773,10.085318653812518,0.9793898975853734
16.26637932601505,0.0002550912231329396,3.259635029583229,9.226812995084412,62.28723532361126,137.19822260983364,0.17701315949073929,6.007747546907867,0.8253231348649491
19.512744920484664,0.0007983833804837878,3.0591094964711223,6.521795613919494,28.689434196225328,105.0601374807287,1.6196768446588543,13.322115609368229,0.7661359655550218
18.401941415673743,0.0002681257770153391,7.603843127853927,2.658683255071939,50.44196495004425,106.90154246216557,0.43686754045906806,15.488997524811804,0.8252796092381268
7.370597676090605,0.0006520112131032264,9.14033493013314,3.6509652276307394,61.00904174498425,48.69524686818225,1.354943131343127,14.839141187238788,0.728064586030855
0.7652246626341086,0.0009642907721714885,3.4742460077397874,8.567158989073949,50.808925274622254,91.89986054210121,0.5843490519575564,5.6067473540984265,0.6965678012393525
22.55816988565959,0.0007204021398715768,1.7554040465451124,13.3196874106568,27.214211279023942,55.230046495230965,0.27488407663318637,8.188235327770737,0.7548129198624901
1.3568570216184714,0.00020756301779094604,7.0520508132722926,5.163546586625644,47.49609090467757,53.95574727433169,1.7067129644307395,15.913087051455422,0.5607151204670191
13.029131140638764,0.0005195250624944028,1.0205285405656097,10.066625286158432,73.72096321389424,47.57820662638129,1.0107747692371585,17.065339011159818,0.8295360270610077
17.54110480356223,0.0006331145178027034,6.7878730158188745,2.127092618110609,54.25478196922727,87.7430712482533,0.6892698780467927,2.425519507855136,0.7892897272336815
19.112194142939025,0.0006155132252020531,1.5161665785729956,10.719678507798807,25.810032380196443,24.648513490988716,0.1295981335424987,19.672158296866925,0.8327719946203337
2.8120090274242693,0.0008901542753181135,3.147017950094231,9.053486681140438,42.44052310758596,125.10958129279845,1.0726234117827245,2.140941701495156,0.6379745058712502
11.165025867651888,0.0005945165614722491,5.589466581931821,14.022347556562643,74.0607055622059,113.1047795465438,1.4576565560820298,3.1168875792532185,0.7913479165593039
5.178885426773714,0.00042429451413114995,3.243543196253151,11.531106527697249,45.679045569894754,55.293568102415996,1.877448289486878,12.861949075321434,0.5794655994435312
3.4227895441883387,0.0005160682408438163,8.060932629785567,8.458164657312722,29.235700482958975,138.6975392510487,0.5047265060812786,9.241010352351806,0.6484871381013723
24.319771355192962,0.0004896935974063865,6.111060193290022,6.781223164075772,38.86751119833934,21.69166725764577,0.8675111980511763,18.316335525654832,0.708378722205279
18.1693129089243,0.0006826186023426804,1.9514144848355737,11.875733815151273,73.94215088545147,124.46781904633936,0.11546141637837877,19.144179680059587,0.8582266716049125
15.052880991074948,0.00011758166547077603,3.7617726162405662,12.220916421920045,31.018334224207464,74.70466262661489,1.6299729239958536,1.3991688649180567,0.7890140560004508
20.630820894176473,0.0007397950771581068,0.6250942733693265,12.477532167117484,50.74299668067606,61.079569554643825,0.7002807181399681,13.955096508115755,0.7853874135982459
20.85129018077636,0.0005413886711671252,5.451121064992707,6.589080144620013,47.7111633849357,44.11158885128714,0.7557260160889805,17.463071265531998,0.7973100433284077
18.973400069870408,0.0009666032199094417,4.244722754172642,12.355522525269855,35.56069678547132,71.0698845533027,0.6875067899613042,8.456329863068975,0.8419354262987812
4.741106167665097,0.00031209511087079657,2.84032775380185,3.073815597675333,62.02159630620007,104.01782825398152,0.21084077993178652,15.77726458545,0.6575231425493666
8.147867651535156,0.0007390142648651284,5.2302121829108295,9.807733872023142,27.7544457264297,22.622437681571267,1.126727047974981,18.87356154494007,0.7658066832994175
17.219686197491836,0.00030826317928605196,1.9021880334854682,9.62146040877097,59.46350367539698,32.822141865640795,1.731406035096616,12.524635410659046,0.7153641882928742
21.465206449558274,2.9151802025354054e-05,9.966290031999032,7.402521915642877,47.81531010203957,60.75509734525067,1.5073929274127416,6.4771312342831475,0.710136965064688
2.7361967817741655,0.000386596911870288,3.3221221702420336,2.7695140566196006,79.35990152309114,27.638746717619327,1.0344254374345863,5.0023255215939075,0.6293409380858089
3.8565631021593707,0.0005253297020281526,5.080394289832795,14.554136550668046,76.66929323487796,20.43896278538195,0.7506467521217478,14.748137103849983,0.7387112611072966
23.297033463257097,0.0003996275913513334,0.7075071009039147,2.01785869239559,72.83774881017489,147.7310912813203,1.991316715184622,6.788000270544666,0.5723012342236288
17.8971174748148,0.0006558934725278438,9.579870082314937,12.916768940123116,53.85835738074185,53.31767803970784,0.6215300150571322,5.367061454841051,0.9672827006046227
9.572128565364,0.0008381608371676852,2.746931546318549,8.681503779029928,77.2875319596773,133.14823068944338,0.886950701897006,10.428801267600159,0.7779904375638846
22.495419096480695,0.000937044049566292,1.7955060174104114,9.222423586086709,64.03754497138422,123.80315544646527,0.48672885618708495,13.007502093492484,0.7834860112579339
19.643490803282457,0.00035658677177087165,8.768795473883454,14.762994786976247,67.88635976989129,95.80454918159613,0.9591359907108954,13.727414008447743,0.8752476336332301
23.011378402965434,0.00023231393164803842,7.862882422418544,10.285604056722006,74.63042169967554,120.76012574657466,1.3866164144569504,3.2000620365933536,0.6626606309348099
19.76439135781633,0.0002219055964785021,2.1233349918542532,13.737161288231398,33.24036699396673,107.0676195266218,1.6859574846889247,17.770019682398512,0.6787190827490115
12.373937846388001,0.000264535152265351,8.18315194573958,9.677047529355347,36.49347803153907,99.34354675823495,0.4638375814949861,10.831519595271734,0.8813107601266155
13.636121338478304,0.0007732531042703143,6.0344111778172955,10.264872023441223,31.464046470748066,117.16714641156057,1.2681565222242888,9.608204618965098,0.8318593947687167
5.39947068565577,0.0009325613651605322,0.9063151533271652,11.957244559718438,50.27601174610962,60.46671019161961,0.5504274626833517,9.297622434760404,0.7467854711322879
21.016008309541657,0.00020855744091901587,4.949572739106515,2.5286773623640766,40.26316077593117,35.33996957595459,1.5109212498264266,19.52937890935552,0.7161490916503715
7.054132789305552,0.0004500663866463496,6.238529948719059,2.9749953405055685,51.84453756160873,97.55510045915395,1.1364419962604617,7.911503541843418,0.7136899494515254
13.48064074409149,5.762156079312321e-05,3.3329119779261798,3.8476738893062046,59.28638781927043,120.0840219610298,0.5120803207034955,7.119578300300143,0.8024360055356929
21.001906163940184,0.0006318474699696711,3.389809755587343,14.063665840079391,68.71849962216864,136.52516371402822,1.0985905814058676,2.8235594667350448,0.7927967149087946
17.816708006753373,0.00012934043941272854,1.3782907123788473,11.477578804014046,60.92527015902282,77.56464255397603,0.5477120660389513,19.604006435264473,0.8002874190918551
6.76751440454174,0.0007648303441159901,8.593477394095535,9.115582506847907,49.26732183502466,89.42581534083651,1.87946902122458,4.628734705369458,0.7152351725154231
6.363968266682061,5.200922682851301e-05,2.5663103934617837,8.700468266215118,40.961633138513086,131.502947118144,1.6941011250682052,17.786502196656382,0.6158320079053057
8.204015070290774,0.0002723441234213389,2.7068671785111613,2.2191194581784695,56.32037322573656,98.23573814263595,0.32361076500566244,5.023995951198658,0.70378132706987
9.122840748726246,0.0007411208006835579,6.657223183222769,4.671041102732048,71.70563084881985,32.506918589884236,0.6842007051252402,10.6939106278875,0.77598085924533
22.878072498477472,0.0009891760688830321,8.979401239699298,4.351406254430903,75.6725882436743,102.00389664838968,1.11621348162943,9.97436061940695,0.8120491460231923
13.823759486954579,0.0007690370169783846,8.351109179040183,8.89405248631466,37.061916863012584,93.645536573516,1.0889645385488962,14.265826485552223,0.9046645027939446
17.14675332229193,0.0007060052239004373,3.561627503117428,13.156736086224749,25.483823594871858,134.44443553105447,0.2402276946157239,4.318783506991959,0.866024912325614
7.13370755536018,0.00014775742399962232,4.258728516812086,5.74120043589441,75.93885068301866,142.18374613642874,1.1859619263938057,18.256522029192677,0.6340765981489489
11.312911655286598,7.859307348175563e-05,3.6886715025709944,8.964270986563667,26.823683141684636,127.83898742907228,0.6168839275668515,19.044883144737565,0.7127832032509542
20.07242073840356,0.0003027792550136422,5.819763672955706,9.556517608422768,64.53874995912625,68.4774178700473,0.7463340112639925,8.132907398832495,0.7822727147999512
8.031657882256143,1.5159942923076094e-05,8.056787306055885,8.082306997798797,50.32934073459377,92.59858238317334,0.14201257556993566,4.69733639240444,0.7605700058870178
7.904572261031316,0.0003644919409243378,5.031065303438622,3.7578761705235313,54.74901551007879,74.8554531038256,1.918300873257274,15.893213460959144,0.6407503332741551
14.99892663123726,0.0009523330645636661,5.053547611725098,14.904950669531225,67.23288951401419,25.653777623717605,0.49651710311058084,13.977068903686309,0.9998264307893838
6.115976304190211,0.0006656651539173058,4.9709215035857515,8.800519808431721,51.270647788639444,112.00752958782469,1.4662534284463091,17.633189885120576,0.6650894191241248
0.3799949613117228,0.0004798279338371144,3.17130025600592,9.547082480284125,65.01081162415488,78.9126411385271,1.5463069174347042,5.924845943844825,0.5200442030555823
14.085347726431504,0.0004689020579757235,2.6886123374804356,7.3686389713064395,43.54142298796869,94.48839216015396,1.2569919504323117,15.99259796515542,0.8208032997625088
3.258284774234374,0.00026256585110613655,7.7359901218428355,5.6962170839435675,37.90318930818722,91.41534227507543,1.6220982612782249,1.5326357783447133,0.6035068815375562
22.197840552768305,0.0005363530494855628,6.814521718887219,10.739855639117435,71.47363574397218,56.55898106837335,0.24983426599723993,1.7512536085039936,0.803108143871113
5.099029393891294,0.00025575536870296907,3.2881460187096567,12.437478917183627,75.21666261834459,104.5517306218524,1.3250061167064306,14.775969856516237,0.6233350575226626
11.150993547048133,2.631018384637213e-05,9.616206900770635,5.808608047386227,75.50154776416606,73.35745296140188,1.2833271525541061,13.132920248621462,0.7191561836023679
13.445914339807866,0.00011015522508850658,5.9814610576913125,13.867415966173942,29.719555838666604,144.93484886086767,0.971612216854512,11.090714032400173,0.8321667567423114
1.401746820514921,0.0003058342422488841,7.275737398156842,14.234942933111771,42.61012859301661,50.98224948561152,0.9290503993148969,16.47481792970578,0.64881050412128
15.573372988392997,0.0009083684232179632,3.4108989072238662,3.3513604013868443,47.20786160808704,84.34942123901295,1.7754620576849904,17.331248727921402,0.8549131628670943
0.9720974978345633,0.0004522545503367704,3.6312374742331732,6.55840148866924,53.376244723183035,101.15997370081793,0.8615379092578502,16.688867327934283,0.615249167522611
12.542475695466365,0.00019810149238016944,5.698627608905488,14.1847529939652,35.62527181073774,119.91931353537822,0.5867296154950935,9.159337570799885,0.811837103931414
11.916379064217868,0.0009870732610020997,9.485319958488938,2.3883469953318204,41.163468884962846,113.39917993613892,0.6508917900365866,3.1655115161074208,0.8424819597664093
3.6255650745769072,0.0004995141677132199,6.73663655790672,11.160632712929171,39.65199204349747,39.63095990790513,0.718393563170666,19.765617487756963,0.6998504144747527
22.130035037406778,0.0003293155300308426,7.264912799347177,2.1051785530711205,76.98284210974727,146.93806095012474,0.23354152115603802,13.07111483969927,0.6924619605803332
9.218897338925183,0.0009825215010764799,8.907100782863726,5.070389106394368,39.77233734362058,103.6504134123487,0.10416114753856338,5.337910688188304,0.9116125442914651
17.729729893562695,0.00042670112291619635,4.388358023209375,4.910870426216691,42.33618205124171,149.6362628835112,0.1658114507867335,14.485503140885177,0.7999806749114133
2.617193083690758,0.0009310137854115098,6.540053855291398,11.637182392565153,74.82048287262705,96.4962398850384,0.7602085416482695,4.273731128056763,0.7536514888757787
23.81104281466932,0.0008062851911040597,8.23347092950406,13.285777829547444,72.22049514298341,139.67743658761304,1.0614406861654468,1.4959410525586683,0.7335864300404651
0.1270414947555794,0.0009223323575732027,6.2548029281502435,7.117036211639554,70.26672530912674,139.997904223204,0.2759296745625942,12.284865605741333,0.6724686683673435
1.1248824236114074,0.0004772214916626627,2.193445258629728,7.4388603752022515,66.20568025541013,87.37432301583398,1.569368572948367,3.7434548829848504,0.5931500671941989
4.659299516967552,0.0005498754002464667,7.016756803977735,7.130303773182669,28.242266087778326,59.12872360048872,1.4128028927349583,9.088328526626839,0.6783859512431815
9.531565579821448,0.0009839488250656299,4.769413524866298,7.918196398250012,36.2351149430489,98.78342748779173,1.140242219167045,7.668351168992255,0.8214781371819643
13.937278584153864,0.0009045949817838441,8.451889689058607,3.459252366112355,67.96491438035497,58.467702381599096,1.3569324457528162,6.504377955992057,0.8494413018493416
12.889743045948238,0.00045550074511981444,1.446841572192375,14.815491161310481,41.49744425183939,56.37300708285821,0.715717130153807,5.274871445228653,0.799120346435153
5.583237865628505,0.0003942986110946154,3.712414129444759,4.868437127938793,65.36002674631868,32.382528214320395,1.888237382706953,16.546402177522626,0.6444522272609416
20.55940195811662,0.0006305768121204399,8.263767836541309,6.909400225616917,30.858978889718944,37.08293194582416,0.5564370839406181,9.46779589021113,0.821695405880454
1.9117850786661506,0.000956564452236611,9.363757586210783,4.981208962152296,26.4837410460148,90.0210371765654,1.3764928031818546,2.516023009677813,0.7006039793406951
4.191458940466626,8.320352698253779e-05,3.5401487236385525,4.0204957255963585,71.80150901819927,81.37909859898795,1.6913060842264496,12.746402764038361,0.5181062246138209
21.893558157741737,0.0009245973770260188,9.32243203994213,3.2945112904868807,26.148239497182452,46.317644941443916,1.7177642073308361,19.953212394447135,0.7934353090849994
19.847142590793894,0.00039176393743887365,6.675359583078956,3.2006208198005854,32.86127859495511,110.60378184530754,1.6471212474375923,14.362663337116429,0.7789871293116363
11.976577657729697,0.00047241309184032086,2.8622914667701096,11.04689967490955,57.10113179311147,106.19590056404863,1.0370148782789124,17.03321357675237,0.7833008607223996
18.05274668592682,0.000779094619296577,3.361503205183476,6.931615127280986,59.84887898237923,133.87621618128043,0.10863590706224585,10.553884919972912,0.8352274699648741
24.362352549603493,0.0006403825546784868,5.433328875066258,4.274544229408088,36.191494925900614,100.14773219858766,0.30457972073807416,13.512753111724932,0.7279099269145992
10.098400185046987,0.00011174210103859476,6.1891745029883385,9.598395601669903,30.019747324452897,72.32863783653039,1.2376558413742382,2.0754188398835716,0.6935730980112474
6.184235496393345,0.00043572215999641823,9.267593297632743,14.12379152098208,58.497239504832955,123.67818865856438,0.5969911128180362,10.481666013408544,0.7773262488945931
19.077826158976887,0.0006747317734235942,6.091802469735815,11.415373969783326,41.252800743232726,94.21243611057213,0.5295219396799452,11.612624952881626,0.8035786200838326
4.257075161254428,6.8293269580039e-05,8.506824991521711,7.728532430600311,39.29333317213277,104.35932049136264,1.4310590099663638,13.097483427689236,0.6197742592311305
15.809593350684978,0.0008474498488893801,2.9101081776929565,11.510215731867364,77.77108874363006,142.8165428210223,1.908471509046766,5.091370390104134,0.8402950766739444
13.847774245331099,0.00020351972787343916,9.951765399700983,3.4379270245756404,34.873853415986034,33.26445710539216,1.698349024817908,8.661287503807943,0.7906746795982474
6.921130556150934,0.0005170992074919423,5.7139979182546945,13.52611574711017,67.03425729148167,101.59149061183511,0.6018872379890936,6.607082907337081,0.7737321680720438
18.731346002270723,0.00021473768361419333,4.634822854722946,6.244028967389652,64.32684669368973,45.525184871864866,1.1315435724042358,15.656625595880945,0.7811397580922936
6.8573405227691895,0.0005667305609386425,7.7459189126191195,10.352634520314753,28.82065620208344,36.68493251338976,1.8612687144841589,16.040245402938993,0.7393838701648028
23.912996657947875,0.00012614750135861452,6.958095478184518,3.7839530923602753,49.962775432117596,61.84267683483219,1.4093279309162676,16.134663358870803,0.6170890933720954
7.462119697550039,0.0004003874319826592,9.931232022834491,3.64372341241923,40.64737517643481,130.4800704695289,0.9039839001273244,3.3449176351481205,0.7192606599862679
3.3849338190228706,0.0005699212081318551,0.20244750324522282,5.366010594139461,74.41438488773554,86.45023668769085,0.15852059164779825,12.023064874668654,0.6987756128032978
20.803865834827263,0.00016767212909685552,2.300303120247951,11.102466544364177,79.41252869951487,117.74025398738902,0.501728181895696,14.975293700567677,0.6720525277788245
4.572598850096409,0.00041060093393382134,6.612471185763227,6.204081613945071,54.17839567395274,140.3927615396663,1.2947937541557035,7.525081040841781,0.6350037371774065
16.929881919309313,0.0005301546280316041,8.712157514649483,5.257177924086479,45.54963528497891,123.12714315217241,1.531928165880076,18.504620532576695,0.7906534324276242
13.19362594216244,0.000877814181459553,3.617299295951868,12.405723802202601,30.59398125096411,44.6437525931035,1.547107034083341,3.938153251123878,0.8580952805316862
18.616114093333504,0.0009787693537354678,0.402274090067872,4.200921732596871,78.61645525575301,69.77647433071434,1.2068831486939129,1.087896070462504,0.7974394594696587
4.085875048222578,0.00048614748201817085,9.066461300958654,9.486566552518802,35.218523464894886,82.57568020760715,1.676023911817372,8.504938647760548,0.7189923681766401
7.42973469994595,0.0007464276699622993,2.6013861245273975,9.751523827963908,32.16067503995935,56.88488090570131,1.7440204351838706,16.08726780517587,0.705300782728643
0.03848824227990684,0.0008122233416346031,0.45871151331021076,13.826254593267052,75.83097868718632,20.84394500557394,0.6277414203218342,3.502993642454234,0.678753137022329
22.673092047813903,0.0007897275378380888,5.156613529850282,3.0976980999326753,31.5612729943264,36.936642903622726,1.2224686697115341,3.2934850766788815,0.7505918199060275
20.75041160217535,0.0007263934624720976,1.2002691161808834,5.114092397391099,49.156672151957224,135.1631362363033,0.5157731682819044,3.632948902590252,0.7501549987106342
12.118314973928749,0.000775391779639422,0.6715642793350032,7.677426787293135,61.74838728309412,93.17270198330432,1.947415386574894,10.233538562916376,0.7318812350233628
19.311652552682798,0.00023700251731581098,1.6711349300149725,5.93575079181738,46.2899443926907,110.1814799450681,1.145383574006078,10.005613087972623,0.6744546036649249
15.160468725318808,0.0009602781207935392,1.0421171276743295,6.370297378461506,65.66222522687207,30.54561447981935,1.4524407820748615,9.803936486696601,0.8237701800446232
2.461893759483036,9.51490296418304e-05,5.964923181624573,11.26757899518345,45.506356268922694,84.65664758828832,1.3953437982915748,10.502817961276476,0.5862968231364758
18.419476225055178,0.00010756784439540823,3.7977704249102096,3.388743228771463,77.95540538399226,81.50552342201188,1.613003702259184,1.9166086371050555,0.7042274318569633
19.23853920644344,0.0007872465337584653,8.57314336043978,13.236826541468968,63.96725902804933,34.37993484015623,0.44892061786243076,7.899884855899842,0.9245413041447028
8.78638321558583,0.00019993878957493818,5.150113219364206,13.413332983892898,54.46272749297983,125.77088145816757,1.6705544438174815,9.899571556330233,0.7054607052401642
22.824500862390114,1.1962224878395246e-05,4.581620163864603,14.785060675299354,40.02335291474028,67.0779456301083,0.2881287386339362,9.134741373964061,0.7219308850195565
11.933921081929313,0.0003481059603437967,8.421503466408975,11.944986731137755,53.766723544157685,22.42127996704027,1.474873697186623,11.63293304629992,0.8752196667707263
9.509396873953312,1.0355270189972936e-05,1.9790319057285244,10.913189387604055,60.441626038032325,122.11263306499133,0.29528488259807084,8.123613221693988,0.7542682181229358
13.239251889213824,0.00023888742863934566,7.067850766257454,4.279838269311199,51.90888932021666,80.07469483786946,0.6762778503767656,5.488676133806941,0.8039851719675184
6.65552134278349,0.00013616256392779024,5.900053853385685,10.470560021979635,62.88581959259747,46.705992654408675,1.5636757085385389,3.233922524841086,0.6595413325089695
12.442126553555275,0.0006205570360831705,4.30928546005103,12.987576760719266,69.18370628636933,149.4986294637338,0.9166083025544419,17.99521462396118,0.8221293017252086
18.881938689489488,0.0007665770808914764,5.136796212374414,4.649922009889076,28.008622629842762,110.47235443163763,0.7212367089756853,18.953366441288555,0.8358094477323025
21.947484144343406,0.0003613768413616823,4.023892079032026,2.506986028984274,28.070848818733115,63.86069534946233,1.8298522382640556,4.354228745907444,0.66556426884176
5.5191525670869845,0.0008038662273299962,9.98664217511664,4.555417030779452,38.685970056809545,26.977899856679567,0.8340852807189463,7.966509610300674,0.7924623503713285
11.74653971024124,0.00033210964707695623,2.0158621639228196,12.07285858013734,26.64831624464858,130.97169271826337,1.6405170185990525,10.613327480524205,0.7216848213830093
6.498637801876829,0.00047333527596193404,2.985257638285921,3.197449568944111,69.01597957427677,27.37437272249697,1.6745067342255324,15.437142919327083,0.667587493670193
24.25271172273179,0.000663140656375293,7.718912953590296,10.594152308237348,56.48408177494883,83.72083909362141,1.7362663292300355,18.664506587201313,0.7532638202391525
22.965629132812,0.0008677468670951684,4.211987132628191,2.4758167405221636,56.1472182025074,54.91764668566004,0.2369938732078315,16.10216922798161,0.7636670579626841
12.04618580841653,0.0008885552545606328,0.2846546797552265,13.783477111176008,64.9509843053144,78.30814679645664,1.841285749923746,11.345746514214905,0.7932785621912484
5.271131410444271,0.0007806785417708861,1.9286886537045367,14.347909820352882,66.7099190415789,43.18998540240621,0.9316169859146195,10.81809265988421,0.7422932958269794
15.708695594591779,0.0003204771724327916,6.287732526486554,9.406013402355494,45.84529236484508,52.44381520668413,0.2643903684534922,1.2070760686444513,0.889787942252951
8.500712592821131,4.587499885707918e-05,4.044866998787553,13.945423547061385,52.5676388958766,130.74131285170844,1.1424413319688216,8.216792058351974,0.6570735521041682
16.388166176004678,0.0008700266261058356,8.943581525307758,6.950582310375309,60.61184016588073,79.2342713657709,1.532777568839449,4.085792685788643,0.8252630678606298
24.587966036829283,0.00014444295705835672,2.8260197933932987,12.342411623233792,70.10082276475404,75.68792040991156,1.625754513450283,11.73357768217106,0.604038737843146
13.99416027010222,0.00011378437637331265,6.558718677250804,4.309925842118318,32.310608958273505,96.87450212557467,1.5142007660063759,16.828350108042677,0.7684644866616827
14.716851810857282,0.0007361530837508191,0.5336034784980872,4.095732472557492,79.08229690796313,38.23828350487417,0.7957589115899906,3.3227359206724834,0.8534740905665241
0.32716489087355366,0.0009621620270891217,1.0617207541145035,8.497202841646281,76.26913361930275,105.88706758148788,0.8360126757788745,5.824908319827628,0.6090926296589466
8.011660984018674,0.0005814941811466976,7.836784697009357,12.967123014084631,29.901620294353226,66.58124921752027,1.3415850439804093,13.644742298425761,0.8138165545096043
13.602708090677055,0.0007961707909662395,1.1695670112148078,10.492168399849588,30.758834748514595,135.92586169358466,1.4267602569556883,15.196854800429383,0.7956260477029816
11.004190479239433,0.0004835377733029483,3.909665999431088,11.85027879683287,77.48641560911305,129.19031119783554,0.2307838930202948,2.0336823052087896,0.8113167856430502
7.798865329761686,0.0002946281954454882,6.458381482049236,10.164173341173475,48.41765985209197,50.73444956311934,1.2964882100117892,5.412789262430129,0.7248985705995227
12.494144219764571,0.00027775296820818423,8.292607532050344,12.578855239539838,48.5513034545953,121.37109009083908,1.449482899357056,15.103452696060979,0.8054473540008816
13.097836918084388,9.642834114338663e-05,1.2342571638368065,12.038855486881745,72.44377223360569,72.81358220441797,1.995194773291371,11.50979477787806,0.7392802467275225
14.516325914018752,0.0008300875834690839,7.217285892514158,5.967116285798442,77.08140556288083,40.90959433612136,1.1720766920352503,17.199275020809157,0.9100209457494403
2.143983242310195,0.0007584295810758503,1.4814264799983523,7.571751721658468,66.82594766005407,122.46035864670078,1.8564121826937234,7.020106744362132,0.5564731931434719
8.662828767678594,0.0009024156387457708,5.600261823454756,7.303330666621847,52.238309820718655,41.530043903080674,0.6677587712411198,1.8474870762115887,0.8562551241954036
20.510097877227835,0.00020505070616564535,7.417721641351869,2.8080337783458726,25.73814915208878,103.06318314305236,1.419063552993812,2.4631125506569314,0.6742209828943742
10.835148902631552,0.000556813502513327,3.8329464632296792,9.938452115972972,51.46979308889814,76.96729755593284,0.39855641614469517,11.224463504798312,0.8180646355519067
17.295263828371148,0.0003315372658882788,9.110357862565655,9.009469375065324,34.31220458043859,104.86354835796432,0.7652727929093449,12.934715309443302,0.8325361679182273
2.9465538033461156,0.0007861219287718657,7.502663797042526,10.096276949117525,43.32266786552297,103.93445220968688,0.3503974425368035,2.0971429598661264,0.7072523023282976
15.602424272973959,0.0005965564695774149,1.710618210232273,12.787444079743224,79.77424812247394,100.45371910370244,1.976533839590306,10.155204309181201,0.7915012815511308
6.789973237152925,0.0007091977466019949,8.90540202289766,9.290813076849409,58.947772659782984,64.94310473603639,0.4143916181195323,3.986385095879281,0.7897403653631889
5.235127431241248,0.000159099836079072,4.683580828259233,13.502111300982634,34.66448431491941,49.57704627614882,1.9833641880535564,15.273349156194755,0.6432306383208273
12.64277048667638,0.0003711853552723833,5.098871094828496,12.730719529223574,58.800663702401565,100.58125572421854,1.3794487405554758,14.691120311552648,0.8075346267500244
11.832951119895018,0.00039624286272874076,0.26545404383700794,6.105565116444319,29.36405513980872,86.0847964632704,1.3475504850313118,10.272718052265942,0.7588959950444032
6.334689593598668,5.186687806017068e-05,5.261167470754976,11.343366178866644,32.4841445388095,42.84036746436388,0.5232730187205061,18.200973856499587,0.7213593570073754
7.175649769802495,0.0004395133482395238,6.140914595236556,3.0204875299956377,29.613381170712273,23.34456158680957,0.5071041571198995,6.908414678233836,0.7301375897374156
10.288826234542583,0.00024343098024652305,1.0925794325429714,11.595825417670827,58.61627339310143,138.9965650332548,1.962593455250715,2.0157824198331475,0.6563262296312017
10.346390002225148,0.000719796377147899,6.883397953228777,9.951841686424764,79.00755752885371,111.7105258851979,1.9492554347872975,3.844054286321861,0.7714412503484571
16.68539538442147,0.0008230417445820308,8.318761645682978,7.393577307115054,25.562622123687767,22.914513432578538,1.0056605981459883,17.4973057856832,0.9043713872555015
6.057419834786789,0.0002703601654495477,9.686795330335123,4.525610152000329,71.63796435123069,43.4772748948773,0.9204227630304032,1.8103358468300252,0.7574107182733368
6.626398168719548,0.0005743474038959085,6.714453123816506,13.663282350779212,69.72482054590088,93.78818650381952,1.3334662265554766,8.014403942676246,0.7751677918720579
15.884021446439094,0.0009709520324674744,5.613363438618139,7.674704625469194,33.84057920656259,23.84009793678458,1.3995912572957085,14.322857725108026,0.8810457471579572
9.69278197418068,0.0009453953330161447,4.649021368198789,4.4267737815368084,68.13055607502884,67.86299979303098,1.6585580119540397,10.674432680002527,0.7508053569237119
10.784898303823189,0.0005014786997222594,0.37540717172855836,12.093952053739736,41.725937228839726,115.56566082980987,0.8512619271136337,14.24110193393065,0.6917347224565172
0.8787142719822543,2.7649890694164656e-05,8.48510667986986,6.42216829674343,55.074244391411355,47.36275865032648,0.5692320033823653,6.340889152581305,0.6089997159643078
9.766050568133307,0.0003458266897535081,8.157903274916485,6.432898971516527,69.58124110069674,25.103576376985565,1.1978177583003262,16.875789467261836,0.7545856371364502
9.886168083584929,0.0001723853651548221,9.206925811057738,4.4135395605013175,70.7404331153467,125.28997416886261,0.6319670454091739,7.779555955349157,0.7472474910826964
21.22588680272988,0.0006099356703444117,3.089138151554754,6.0376426806767505,71.93287765964776,31.254913739749103,1.794004392141153,13.592826377534957,0.724427973668324
0.17509874476510418,0.0004228232942482239,4.939724124293528,9.096070771175851,57.65488533975181,89.81147979213407,1.8094787341893657,5.894366388792879,0.5658072538147214
3.8030309290573188,0.0008454723694206424,9.564545584518902,9.260568446940969,74.76491665239446,82.18269461535435,1.0935718855420657,19.386130416759638,0.7401758852423553
19.68087134819768,0.0003790708749562386,6.771853545278274,7.979274643604933,36.32722540745386,143.8662529451173,1.685080928904365,13.276410220381862,0.7295178680960694
12.782601712183354,0.00016068247690738093,6.857602589310153,13.568607252934424,74.13017505442471,28.71458112484438,1.604979472215753,2.351093640762445,0.8075567016009398
4.350627128028482,0.00029802846588842966,0.31192066713989874,8.36485548575767,55.18914502165905,89.64310743715056,1.5833184057386254,15.054185813007429,0.5906090283663915
21.07656101659756,0.00037704253713923686,1.808753341309888,9.363300551033797,48.72742975379222,66.87101858119306,1.8464754533249546,7.358024814556182,0.6019315374267282
4.4392439695270305,0.0003831032082989796,9.258792052557023,6.469905683933121,54.6655910395147,41.36955649275231,1.0559858891217104,16.247447608500057,0.698059583092291
22.602852789456147,0.0009118833544227197,4.155852933120463,13.875059078015719,36.96890935929976,116.92771939151353,1.9356873004616795,11.008694767107514,0.7282996938502199
14.37697882290227,0.00016364931568062916,2.682539490313443,8.069621352192462,31.32155115581784,149.0251147174179,0.12096642808825037,10.338138210345948,0.7971136806444411
5.8408974974704275,0.00047496347601361336,6.042934748971869,14.727418208440053,66.40637163311423,59.32452577544372,1.9698611365776173,1.308811054833321,0.6927273343758982
20.952413666965864,0.0002134901625187859,4.815855598451961,4.480047261977492,43.26556011387753,87.01658579692824,1.8220230644173472,15.22795444620006,0.6844618316098671
21.281609143308025,0.000498546342782432,7.346196848655093,5.186283812624568,33.60126428481127,120.3680311620404,0.7287446236543599,11.06763710794452,0.7395576198903551
3.0395534490278133,3.3486110134932855e-05,2.070352034825731,8.11531224705977,56.06027535008797,118.64761967452426,0.6478945883087378,2.6783171563965666,0.6392524036308425
5.967700219137814,0.0003741782019135819,5.517037103399273,4.3882279040755074,64.41612498594202,80.7016753129947,0.867274513443777,1.1457159342618566,0.7007948059807886
0.4410955172491347,0.00014701110094218178,4.38148921812819,9.850823228318138,63.27838620863364,103.47173135342247,0.20645109094849112,7.289849940597025,0.6052261451564722
11.411819218634177,0.00041262192473580877,7.5307065760562155,11.073885502365298,44.872194424964015,36.289897852371254,1.0772001596391985,2.9819914037858037,0.8249591985239803
22.90273732530082,0.0009862410244103597,7.877874337505013,10.2480019384803,31.211236573859868,129.31591044217012,1.746727220800549,7.708876649841442,0.7521074107695976
19.93681246575107,6.958054855807826e-05,2.405071439453887,4.2296659110662045,25.948745658708216,81.9139933626303,1.5992381314993025,3.3940882611805936,0.6363588573266235
9.321691910756257,0.00027286542677668784,4.626644109810292,14.509723107336065,54.51543821032941,54.195914506635745,0.40641843943185685,1.6857559924475156,0.793685109862946
2.654168435841976,0.0009147368963406733,8.719173531527225,6.725549032149994,57.761318722184384,132.43677931296418,0.48051618292382725,19.33324951489466,0.7288343625360679
14.094925636418854,0.00029638894579289986,4.562527310130334,5.378630817531674,65.44957707990295,117.80699690606893,1.8361418384160315,14.10803468156595,0.7648078270622873
1.6862071283302316,0.00022817638935861118,2.7742921381941708,8.62758615614031,52.98612405949886,86.93843386776233,0.9818069568379083,4.8439543170653625,0.5995473818370466
19.176833075086407,8.801065241868134e-05,7.298516508274017,12.859632769661367,57.97395232013735,88.4709542349097,0.8049757830281293,12.62156203814384,0.7813216853578532
4.798996988586842,0.0007940875467264528,8.84419845075435,4.959373590102151,36.53307088307925,75.75488646564327,1.9863396735546297,19.647818665105895,0.6528362532637068
19.595119229644386,0.0008559911164445353,8.112455953996204,9.896547729511488,49.49174576998983,30.44767075867205,1.254106496637896,12.596555105269935,0.8354720165100841
6.428216214457656,0.00026039939343935924,9.23684009801178,7.295468892261008,35.78841220564676,47.194896997041,1.8484915654532565,18.487794873941244,0.730777144734405
9.34322371800269,0.00037227684090293094,7.890925891354019,12.69354484128111,36.862366317304385,25.889897312083505,1.1808754640459622,10.113981496918232,0.8228574137578653
6.557622752425399,5.73932069958581e-05,3.8121068781755247,12.28972664782926,70.44901632034218,109.82616505764406,0.7425727610824441,3.1386032135393718,0.6864801570186898
15.143835527301116,0.00044542246508944136,5.194750850461553,8.272723061349822,52.630266284456006,45.132206163491276,0.5741213454157399,3.7900826189131656,0.8596246647053888
10.876355737556233,0.00018678848527787413,9.62582923104585,5.568811079648632,73.14880443997671,45.488873945759224,0.8078471991970768,15.156671077566367,0.8013771209910878
14.67001158794314,0.0006767760053524016,0.7763761855360922,9.331872036560009,64.60642123895883,108.72282213145786,0.7391214212853494,12.38880632663598,0.8056361746036311
24.500806753394187,0.00021016878642950179,6.9906465902472155,8.381853320029293,77.78038744646237,26.48959055123545,1.0205759941565533,13.78708198179588,0.6865153711361459
1.5511476839203653,0.0002899437979680582,9.830130084149058,5.615232421063514,67.73934033258084,141.1914881525724,1.7278561226596885,4.1621690986065865,0.5779975755991098
14.246426161574252,0.0007224633562608175,2.2763867186751927,2.0572168145109364,67.39784868924384,124.99712332611877,1.7004199055531986,4.112154887779473,0.7568343564018454
8.281290290330077,0.0008823114165731742,7.560170760450934,4.742571887946221,79.80383927213614,69.36541163836591,1.6786017316074366,13.379155748368339,0.7834796189191429
16.855829554628333,0.0001510790569416533,3.4374388386129273,11.18207023340149,39.083924524955876,41.12269770627525,1.107446314257549,17.596851313610202,0.7591244100611223
24.956784789484132,0.0009961492179932862,9.402549895683139,11.837906203397964,71.26574269129631,91.5354574109895,1.6343853783281352,14.916183687260467,0.7372801701471028
16.224822101201053,0.0005631173671140767,5.791439083604055,13.716491434791209,40.82472537616085,127.42803201011755,1.5679187175474265,3.426814589153386,0.7942157372382517
13.676398498669373,0.0009391998901225993,5.853793933000647,8.942807146256474,40.7295060607251,79.33270425088207,1.165030399796784,6.6331215600334215,0.8484598795795196
2.8649981136049734,0.0006807817159991725,4.860475334759087,3.6755740121621634,74.38040682772214,134.56350150806907,0.8488018346782745,17.529307508702043,0.6403643296377161
4.85061202311415,0.0007162091611273722,8.819952875369705,11.128871873088048,71.41810697174685,99.0626326005138,0.5446367727767373,13.819232192728505,0.7266303167156867
24.523338295513756,0.0003099317517196811,5.0116710851560295,12.75967081850615,77.4010430235557,30.203878329452554,1.0009669650936308,19.42263928676063,0.7308679363174303
19.41057964867616,4.9823944019280905e-05,3.372099177826019,7.706186261144953,78.64310342493799,40.59558524257737,1.1219895372670392,15.755182391869301,0.7191658790717026
14.93722326677791,0.00035649612435861936,3.8513515266796374,3.5629692616484085,31.998253894432516,121.18529344485093,0.41016819308522734,4.788666593706688,0.8225718872945207
6.4515073946794645,0.0007164199671031328,0.4435743829336551,8.7304153251012,79.951283147783,65.8854497013366,1.0517893268016554,14.710761668442855,0.7065488198627938
3.273246711609175,0.0006799092353470104,7.432049772391789,5.6325808720482495,75.66284381888504,132.82692502468947,1.5233206311697176,16.293153948370545,0.6334012840301364
24.675951193401737,0.0002244453800848893,9.432029523185255,12.0087057138421,41.522962021458156,118.01194128925742,0.9247101623108556,14.019070542657762,0.7355193462500442
21.116829907143376,0.0007611465489224185,3.0657694010737213,9.18092051472825,43.17782971757654,33.86083684719341,0.7888789874672175,9.394944583417463,0.7860175027776547
12.974282670550327,0.0009989700590112018,0.7481053337272268,6.83091376906937,72.79163038861566,53.03835582430105,1.2647664147194515,2.906692363494696,0.8396157663447226
21.542074259081282,0.0007478246645626736,3.0136499556759544,10.613046175900832,50.65693105493709,114.38121327968089,0.7345391698922935,1.5712202010959007,0.7589646551162779
12.827478382581106,0.0005380379534134849,6.382001762791725,7.495909874589294,36.69905899598661,114.17926829395866,0.9667908679799478,9.646436026218954,0.8272781198932883
5.81709993120233,0.0008927880506042878,2.1510310641172152,9.17103199322533,76.49123389692787,97.21370037471173,0.30514273159557936,8.410534160635807,0.7534178889122575
17.187103987633215,0.0003881891735467098,6.58910707744946,7.4571254193139795,43.7760877411395,86.52282802923101,1.4948730674186417,15.613943443358421,0.7972653799943115
8.881137730288527,0.00016507667291828279,4.7236956444903475,12.240418621645507,42.17451483928825,26.614455474254676,0.8976722151552471,2.9565236749567467,0.7308163039912484
13.400242374855084,0.0007438719825738963,4.036942318495254,10.399008584747925,52.39927179455487,76.50477688319609,0.7278707020034572,2.2453657596509937,0.8775989065258673
11.64361019701228,4.278003694684977e-05,0.3188970452276155,2.683791802325145,36.04345409948451,128.44757282195417,0.59331641233278,7.544756227425745,0.6808925949358556
21.345001396435062,0.00030323028150201737,7.106009158144788,14.480832209057638,44.47851063490289,34.18077512217566,1.5611263140863252,11.942555790391937,0.778563604526072
21.992771076360395,8.183366726987083e-05,8.992562092902695,13.122136881469167,30.204117721150894,112.76317567361241,0.1584538630093732,8.84387115272304,0.7241853466996716
17.04836726356187,0.00042090564448105046,6.005029047332312,5.319271726582216,57.285416902723476,121.65816235414681,0.7843910931827317,9.364129152495204,0.766578350125894
24.74551169717148,0.0007493292771035003,8.375715225651213,13.765040528499103,73.7612611229151,148.0996660202854,1.6378822326867937,3.5560995507936415,0.7269807215873837
1.2332828167223475,0.0005203351445457093,6.928850770603353,12.144263202548927,37.323125561390626,93.31222683892022,0.3085092062656899,11.91712883186683,0.7339294636005412
16.32333832872748,0.0008810258858544999,0.21961529279165268,8.140436255627394,49.715917536695706,77.89482226794888,1.896881776225479,3.5791179047999337,0.809170578795729
15.251883603487284,0.00048518354352218964,3.873198841634757,14.946621413883324,59.10375714983023,82.91276885349299,1.8516570764635933,18.350548224139505,0.8104902171501317
24.83881694323694,0.000842093484749225,9.810705997855711,11.555363278310297,58.96863077187876,54.36468117660892,1.156745695033283,9.52601490735966,0.7394957503150803
9.993637251774496,0.00029268068138255706,4.4751623328119745,3.5234907694140327,37.456344479953295,62.10414720286782,1.2022516645225894,10.784450392616396,0.7389660023715793
9.26056433702169,0.00044942241183289433,1.6482541581571,10.3157922313819,55.67043370962753,30.82641032587685,1.2450785272021092,15.810301093968892,0.7361846336245518
23.617316641968003,0.0006625595343623901,1.428184648554523,8.991898258005511,66.10838640285226,33.54973577332145,0.44453790876008237,16.610753461611385,0.754941485171579
2.9981060697025814,0.0005766274979972815,7.200701913518036,14.887301993355706,26.25006094615232,148.81388202369308,1.0255335804133723,16.587863999343956,0.6883179005328096
23.031980803881336,0.00032529447024212633,2.5342153400968472,4.175090819332475,58.23616310441942,65.60521656193924,0.6604656799111943,16.334746274294027,0.6839695870946881
3.0966112500135146,0.0006975185935035931,5.661111920323152,14.620944406314756,65.53291705112636,50.329608379072305,1.4475134321593373,2.363833468946109,0.7723782840817984
14.292294486576976,0.00023411800842746213,8.618462815851476,8.771234591268342,58.36408778499259,42.33790335959221,0.5181565412711436,12.097549499750137,0.8826960730093113
8.726381221490435,0.0006604844940902777,5.772131542701706,7.763945900589003,55.73535330390584,109.16720914938308,0.13867406271339144,18.754639750550325,0.7958615918192666
22.24903970775299,0.0009790579715349666,9.743120099433924,14.663262759150452,52.81480670708926,107.95745460481066,1.9340805473664575,5.22803143468221,0.7953660333638495
20.594083732721643,0.00044110956655914375,9.735771618011583,2.859976239923226,28.488052431559264,83.46024903970951,0.18342905979086435,11.52820133649478,0.7932237405995928
3.9322776580819454,0.0008079665283933797,0.8675100454766211,2.0832167821755134,35.41285832007138,129.5930133636037,1.06799727184529,3.0676139362366515,0.6430050638386267
9.843158680444892,0.0008348758754081689,2.0078042011428057,6.380689289111151,61.694071135421204,143.65988814632072,1.2856140826199147,13.682197406938633,0.7246833974404753
3.9532826024470524,0.0004554151557239588,2.9545181519384176,12.106459499445974,61.25781995018192,144.32730420285128,1.482687854360995,1.2762067742284973,0.6366034921017526
20.008200160795518,0.0009975678661857826,4.099521902913702,7.176871479676697,42.040966992968634,46.78780541349634,0.825814074501297,12.043986837182372,0.8346477357271069
24.80227011300746,1.576210658277463e-05,0.5487948490506027,4.5806080364920865,47.03599557897966,24.18019939426594,1.22870493728376,13.179658792417994,0.6250050303572215
9.94783490220616,0.0009495499389789214,2.244491726298667,9.520039699513216,31.770003316847266,28.793436767646924,0.7086548896594158,1.6221559165134667,0.838150698414473
7.100072796037307,0.0009734627026480331,6.455824337731596,11.309208132225137,58.020501413781595,41.96545384118325,0.6931903023190035,12.975632834295823,0.7926984893129104
23.488690125491054,0.000437338965957807,6.318457765482914,14.257929349994233,37.99609985618031,146.40327721956527,1.8159610639378587,10.042808179916559,0.6507065357186281
24.935355314341226,0.0005724509705673355,0.46562852821267275,4.504170408268371,47.53971636505954,52.11458839125055,1.2432517503086136,15.002819418010214,0.6732716175718338
8.917469159879566,0.00032686313405532976,5.890988603941435,11.359453409358759,38.4177582721215,21.08163130460476,1.9736233051480332,10.608006006855781,0.7155769701134225
4.126573724575291,0.0009914728971783411,6.224288977374746,12.809908058474658,32.260775101347214,78.05514204244348,1.4418533607042934,8.068956310553986,0.7004402451498702
18.09033179126812,0.0006353785186681476,6.851942552339705,12.172779093273537,66.01369985844646,141.52238883402373,0.9857087423540409,14.065565788609202,0.8125328162538363
23.416727792810992,0.0006895411716784737,4.4126300486185235,14.14463303407517,43.08429614345892,71.73944720202178,0.9088505393307087,1.8927644437080569,0.7921347650300514
3.7075004685650073,0.00022044596534872313,0.5986108850814504,6.855080308159329,40.39329401783043,60.11225179977375,0.4677835311707952,7.5853094675754145,0.5885267852350942
14.154271855832015,0.00013057434278209443,5.935770627337481,8.86719125620145,77.58504509433702,106.32053475490889,0.35511279339635915,18.369298060570333,0.8118486359748368
18.907677890828854,0.0005863537990040762,9.03727127427058,3.4998960247842943,41.95078384255175,85.7956648896279,0.25446911832560204,11.84778829351465,0.8268258759929461
18.815434546367076,2.0398543947149926e-05,6.346894883268134,7.216508290801165,37.691560666116004,68.68029405361823,1.29896145069802,16.720737935169723,0.7069006032653109
13.533008433881474,6.166254468825286e-05,6.830156457155957,6.087921916968308,62.649724078814316,132.61526501406664,0.695908063226289,6.180546627762846,0.7575408793798718
6.0841241434830655,0.0003901389182320163,9.66381973907623,13.032593145861822,55.41052951242188,69.21524081005546,0.36473010163185204,10.194215726192922,0.7498464673222225
0.705619593786611,0.00028938363205164593,4.8506692909072795,6.5344961244531365,76.34908380461667,82.42511774540448,0.32698944543123015,3.0380145574375166,0.6036987568150517
11.609752507945965,0.0008537034309769071,9.310658052717983,2.6255347831661497,66.8856160830154,37.73152776691003,1.1953313452581664,5.518581208421252,0.8417624987937019
20.702874652059727,0.00035079097249685173,1.8911614312106206,6.268641190955284,77.1630253229636,55.573414985377156,1.720467169494203,16.38583340554039,0.6658493625620231
8.554623788397206,0.00013231994845772614,5.542618805038613,10.698317748522825,61.82910415834955,21.771387572701627,0.5820731171203853,10.292919530319137,0.7214378791468449
11.05223971774322,0.000693238805457296,0.7930030356151818,2.27462438926018,38.31781037463088,136.82494520952127,0.20095564324771642,1.0384653330322557,0.7942236508835644
17.660066913204027,0.0004906065487463,7.395191312492676,5.796665664457314,48.30856499561804,51.37104875071175,0.3158631335530284,19.587466069643625,0.8259310358401242
10.739134464789862,0.00025087895825481947,9.713987652822507,10.000308735728423,67.5858590413826,123.43929041188076,1.7688055482874112,6.3850463141363125,0.7625562378486919
23.776675711556983,0.00028452980991419186,8.56226804297349,9.713347733743422,42.79763437124182,77.23182918387234,0.9892201375870784,8.593733350088812,0.6970011130650727
14.767160132544003,0.0001920882585142441,3.1859625994177834,7.6394714463387965,78.09898765034765,102.86585389943711,1.7915245106361073,16.507353717962825,0.7727344668425349
8.387296651103817,0.000593410917103069,0.5115331736730513,9.430789146207747,69.83684605672417,67.37786650143093,1.3215716630001186,4.518180072742451,0.7328550721471757
13.310026296498743,0.00016869553287082373,7.148068671556545,11.605039852551439,33.758266976324975,33.00367339950168,1.1495890074447779,5.558004926578295,0.8117536234130972
16.02695450553649,0.0009729731257198754,8.332843312504087,13.916410300877786,78.45187002258179,28.291802775549765,0.4025095925986031,11.434206769153855,0.9349830727820694
15.366232710669046,0.00046334074337550977,7.484036441450015,7.618120335119164,31.663711029958755,21.399197801388226,1.9553720528540794,10.944567693424528,0.8553538227975521
23.970238180342175,0.0003192883938728281,9.601231104038623,8.340730677998298,73.58986988533745,115.20537418608068,1.4606200000400793,7.838061526088942,0.7396379512512207
17.770191195840216,0.00020188674237853752,4.458340090812642,2.7211353135981047,76.53123473070015,35.930686976963294,1.104476406889879,19.167993378661514,0.7683468677408164
9.626175444537708,0.0005613588510496274,6.639330765807255,11.2243602444636,44.7284184061597,72.23807352839282,1.8721489233086235,17.906973481602254,0.7639956920996047
19.717777371935025,9.227564344088465e-05,9.446911049819214,3.8787417453881154,35.30949168967924,37.776466983618754,0.2213267034502735,19.73624077759913,0.8228132226938754
14.186467152621532,0.0006585573149307938,3.5977891750328705,6.668100729376018,47.28001160028525,69.7455523720682,0.41228262297886165,19.844261026705386,0.8868074484833788
0.8608962684333874,0.0006439282096793697,4.529373412966257,10.533021101568465,66.48030822694946,79.85511393221674,0.18690739589145886,6.955704821735701,0.655386020360492
22.280275333215073,0.000704111860316922,2.3211375870193596,5.328883238012251,52.38874675762543,137.71053348603064,1.8113907665234643,19.524930312063447,0.6441840878381895
9.736369092169989,0.0006970588250424844,3.9178146452104796,3.921585363611426,59.18338701096988,44.85649829177976,1.3098015066461133,16.99888423226527,0.7703960532542836
13.353163704580414,0.0005115561854533622,1.8544733880772297,6.813146893655067,78.91589571903525,24.395870060059607,0.9781252586534905,18.81249200653336,0.8099317245237087
12.167913039931868,0.0008749835516106189,6.337904765703554,5.981202029000975,31.421596594462777,124.00584597689901,0.8414193285398406,7.8167729483130906,0.8717447116339256
7.8711544469657095,0.0007626979166913792,8.514229303821454,11.750895506410075,33.31056675303654,105.59490591873455,1.6421803671093305,4.743775077769129,0.7515602546548583
17.63819920775725,0.0008956896015274845,9.755167840323491,9.474979938872055,39.00645304525549,136.04886611526203,0.19252837281452734,14.634568169043353,0.9335340284514915
3.5729447081846577,0.0008185702779292362,4.1863323280696205,10.427608162082052,25.40565937654094,128.97790740737986,1.556959374530473,7.258233777363743,0.6648803632564552
24.468456109854408,0.0009547258520584535,5.289086473460064,8.319056431901025,43.84480764665959,43.60907371884389,1.304824769640495,12.702334459303813,0.7399451906486917
10.610787385614655,0.0007698942993395905,1.5672690360523969,5.458455763059595,46.17604001032643,109.69872382198582,0.49445406523442814,8.248804899157335,0.8089580350481481
17.432111863536,0.0009541089007293276,6.000394747769814,4.0342354319057545,34.782446963916385,143.2123897996065,1.998191217390077,17.231054106785766,0.7994854699352039
6.258735261472785,0.00027845818519024116,8.882774719893298,3.592263500741047,73.48381311306882,119.21484125688305,1.541514367135231,18.05330215331162,0.6351406910998931
8.098658105066106,0.0008004569461212562,3.2214579593997934,4.830466016253455,45.9967707114751,60.55995612412064,1.1897119746395497,7.22957751680577,0.75267489664686
10.464140728965916,0.0003424322072129543,1.2465040618347607,3.9575853759532373,69.8882483817941,29.56090710224268,1.9781323713339405,13.292079956209642,0.7169907822097061
7.26098684050306,5.9768636853866756e-05,3.9737052594419935,8.154603997503337,49.001501482067546,45.94400922518841,1.7085598356448322,2.4030999847700376,0.6459974317150206
18.355703804133842,0.0006711069137491099,3.6783506450963195,5.5174364325202045,33.04247242043566,88.08188110545929,1.2758947606937727,10.893961525812873,0.7701668620310715
1.5018931870580714,0.0003374195624665575,5.310638499457581,4.124617499417301,67.684853639702,81.03553898865101,0.7999637534355781,1.7148536096069522,0.5887167989033196
13.728402564922494,6.46716989562385e-05,4.3511190016547125,8.668547591191771,26.293666514294888,121.76993088293263,1.1630348310537866,7.211078899847905,0.76253477919305
2.5601221422203806,0.00079103001178348,8.035587141376654,4.1667548321056955,62.52546412590197,133.45981572282685,0.7054067805160875,1.4722695836632402,0.6970132342559993
24.64304975325697,0.00014181047957761368,4.709924549329783,6.291716887238227,45.165490303462335,49.27252641794513,1.211980890739448,9.063478347817517,0.6253190745212531
1.2822760491437857,0.0009274728811017984,5.50719383555331,12.896865451333351,68.88035763539136,64.22512868276355,1.4257667579031643,6.285824564384885,0.6454289902201741
11.24354638618739,0.00025288591481859984,9.519055739593236,3.7102255459914293,70.58122066328887,32.23063530079964,0.6245904758738379,18.57143145571322,0.80850722007914
1.3428550505324943,0.00019277389275733378,3.5300002921454205,3.9460718249038647,51.151776423241415,35.136063718854004,1.4009199794673233,18.934831084397477,0.525117108350567
0.5681098499366197,0.0004804347382231757,7.1734341014624565,7.076096876661591,63.29212883934487,46.248879864025106,1.5259100210922916,19.887874213873555,0.6247715071014078
19.97972583553637,0.0008525307907022074,2.5128308180417496,11.458420078211955,40.524267095371485,96.6184427193726,0.3910316633014911,17.85825331882119,0.8111292551038062
6.703706438860259,0.0008283886133650403,4.486138278609633,12.32097090142963,74.24448002390494,31.844473443959146,1.5768969384489449,19.789161592838667,0.707980010609497
24.18748568606577,0.0009587116564545859,9.91882094437498,5.139347607232377,53.5125973560546,147.90605338913133,0.6099088552642328,9.266431746477517,0.762505804110391
22.715205091590573,0.0007315627590715604,3.4817671383540065,13.010769751463405,75.43037859065333,92.15326244379851,0.6146778083537905,8.372712179002466,0.7654149262180135
23.135675447317457,0.0008497366858333747,2.4858068276817913,14.422416543941297,69.26105219997179,47.782165974858685,1.893365976376642,13.633233890197177,0.7401212894401663
16.15728258830445,0.0008042631975909017,8.38268204112293,13.361927370931577,55.82090440881399,97.28027271639195,1.3616229118132164,1.0223107198051602,0.8909348489072267
5.358257987281791,4.635598837528604e-05,1.5247445590953868,2.6118423847216548,60.3135532243692,75.22032977843794,1.9450021801380948,11.994656024314736,0.5968121381784681
17.96300968942007,6.625680348772312e-05,7.47284487542223,6.619235891329668,34.47139787817479,108.03542416904345,1.9132531231621743,15.835969034663872,0.709776754972279
16.895813606646126,0.0004663381876380986,2.0321732155315195,13.057588829202611,35.07934952123838,31.11175838248939,1.2798320780677015,6.216203121682813,0.8160968567638782
1.6366555104327976,0.00015629619065178098,5.637960675927008,8.597915853347486,69.36490158345163,114.63410150022106,1.1549700054526228,12.310614069959035,0.5816243420806018
21.431251208056317,0.000784415032854176,5.383149667410403,13.45503824332201,69.50475840371641,112.73630221564804,1.5938316246184394,16.23551315583117,0.7563593368793606
0.08716731973093213,0.0001388735993954398,0.33659730585391934,14.635719922920915,49.63477520646382,122.51792699139058,1.0290857467670873,3.685073163322785,0.5442931865686201
8.433821762778331,0.00017825183945552927,5.484358659970529,13.378543171085193,63.74278522508692,48.07659489265667,0.5908670314255734,5.723800876758051,0.7811018254527708
23.114737239528786,0.0005264086512040337,3.9986761046945962,8.532166460336107,55.25077210330156,38.776049889829174,0.10037407135549274,19.104539308045172,0.8023381190326326
15.42707851699269,0.00043439256728595044,5.797893025621845,10.135304017823081,71.05907248725941,113.58321531857713,1.8997052608382397,19.248328821632892,0.7631683673224453
10.636251915339233,0.0002486176329904829,9.129332037310961,6.7064507382854766,49.027737780010796,124.63465737166445,1.7865218692374107,17.68043284416395,0.7201670389693848
15.037445949812806,0.0006485241813003694,1.1244646416737965,6.988450381724358,30.336010600822505,54.68833893631012,0.21499862733700983,3.6279788338156584,0.8626312761236609
0.7932480932684758,0.0008664583503635969,1.0839367505912103,5.03837119472152,61.91520933962646,68.14286395703424,0.8816923286760416,11.33850975440511,0.6392643649326872
2.21935523575184,0.00029983505782091123,6.57436422047695,8.248623310867023,48.58989646900194,146.18879067371307,1.059091563581801,1.252212831535625,0.6000415193480128
16.007539439617002,0.0004463787875580057,9.903325728914863,12.381845559511989,70.90138846487423,109.48962719574659,0.26610340972720836,5.28091945237817,0.8682703449948037
0.38890757896605577,0.0004079136655544721,2.592648705754819,13.47759793294701,62.97413784859513,68.75720346833535,0.8824627867191569,11.680781512092917,0.6143681022285868
24.125318359743282,0.0005456295419983822,2.6201987865147007,2.575748798435737,43.957556723563016,48.810337831573996,1.2095099917271623,18.421736291568326,0.6606827752134263
14.630492245178905,1.8024661876476934e-05,4.893981406102192,2.978033904533294,52.164396073734295,94.68018134434496,0.9947143669696841,7.637418147118662,0.7740485100190371
1.0451088151496424,0.0008215242497948355,1.6134270795417778,8.29698622555997,56.69990575533458,42.018174564755554,0.3619022301257556,17.349826430511097,0.6409385332095667
23.71311597275154,0.0008868831686026443,0.7146235921229556,2.4288054405926234,56.56166043481886,130.2138534170428,0.7908594684458903,6.097735561464752,0.7212677041553963
24.063824932959395,0.0005099398754787299,0.742785935682793,9.31715944495387,60.67277670910414,66.08877992581807,1.5066623693484305,16.92892168759792,0.6449010221275754
7.258872177168417,0.00024182931939354993,3.733287557883838,14.857650725087911,65.28367257131669,131.0061098205959,1.554042180796228,9.667054376096386,0.6692656646666368
8.324054336802076,0.0009096131958811831,9.645920240157288,2.8781564676320732,74.50508939264935,65.10055515120624,1.929216814378611,6.8824254404849645,0.7401892146924687
11.059118513832392,0.0009481567516113063,2.6542379374350182,7.959415629838074,58.109561936254664,74.1349370912676,1.713359570354229,7.498519651562629,0.7580772695645367
18.261074654427258,0.00039661921732479056,8.086595728399567,5.549933567684798,67.4633958762476,118.77010784505977,1.3651810222551868,14.173331133856093,0.7431115599229123
18.768394387659892,0.0006365168943806632,2.4742076140932645,6.343368181215344,43.43876421457489,29.45508458042275,0.8225064707335685,17.5684598488199,0.7898207251026317
3.786680317264831,0.0006151176630367356,6.97621467774688,12.948476471853992,25.224357993938096,62.806638410582316,0.6652798221204614,8.803231293764643,0.7133441190322904
10.416851034242407,0.0006264683417710822,9.092453508385253,5.595404282655773,56.826362487055356,91.11474369264836,0.680166026544323,12.793940601157527,0.8760812988591979
20.44107662912895,0.00010474095139617059,8.150175509515721,12.566632016010619,70.59196825634149,29.23641499126236,0.4616588500193979,1.9551612288778397,0.7631895685348921
12.554173943185166,0.0001712790379155209,0.6699437941041217,4.6914685184411296,70.29307834243086,24.866277758497993,1.3700534670145479,18.103667024345427,0.6995911899241922
7.519397841553854,0.0009286392585133993,2.880215237760651,3.6219962179979586,34.07755248481647,22.151338943876873,0.8294056482988335,7.082126296962379,0.7511793359503995
1.4448988534456702,0.000934471254100182,1.5945302026699,7.885087012776873,63.589248676679546,129.7729219363233,1.573995848065477,4.2290788852469685,0.6149808903708309
13.768336813319282,0.0001530951998932764,3.2122833219771367,14.440040408338689,27.70470266568839,141.4216607018056,0.936719567820838,15.970977572537596,0.7816762292552673
0.2590317985192786,0.00019008829916916938,7.5344691935515,11.006774562630328,57.47376727050414,107.60208213188137,1.6062683203138244,2.1990621759188658,0.5900758276773711
2.2092291156151207,0.0006035302049667993,6.280990220307028,13.598419277684162,51.35503340458526,116.6902323019362,0.42162852640334825,5.988440077718458,0.6752683733358589
21.49461894906311,0.000504327026321545,1.6589101617167208,14.310930464998686,33.52002840660291,114.84589434027026,1.7720257905253751,1.6161410949372257,0.6981195561736141
15.192616962134498,0.000495267304472736,7.790231434852542,9.048188817059195,59.93544366570581,57.11634267924776,0.41904973614209995,19.96713066068249,0.9554009619084214
14.549758606883751,0.0006698376646363221,2.7883814346479068,7.814826719889621,29.006728878105815,116.2692882454657,1.7233735847903546,13.55931814496046,0.7729595122717886
21.157776480872496,0.0006119037045983091,1.5538091701355856,5.90712665350145,30.426634147795752,106.67765422282173,0.9644679470389145,2.640742071204083,0.7257031342523792
19.85869302274341,0.0004313367983393146,8.125101825508093,11.281615454813908,51.66926046099217,39.25535443309015,0.816467931590148,14.425527446091913,0.8330636650700087
16.14924542041081,8.49419142507049e-05,8.206527406329366,14.837273788780728,57.459029002591066,128.12039296010528,0.19019596339931222,12.249459197388369,0.813625938659026
0.9271443091156012,7.39035681848648e-05,0.9825503302114256,2.726445372857704,78.29299670220864,70.25914036963185,1.2601530486124957,2.7677666317732523,0.4933258442326894
17.392063455352712,0.0008787984473503913,7.2406598275965095,3.404688766893124,47.371959919366745,116.17478759111613,0.9127059444443715,17.370640156479265,0.8705894174566912
13.126178812014757,0.0009761810790815752,4.07553775556064,6.17757761028911,63.66398402169128,52.82702993214959,1.3176315943014318,6.58807887727223,0.8517279616131953
15.461173299682898,0.0003388480043111576,9.019584916857308,6.324156314835891,35.01712503093476,95.63553496840743,1.4992159351362873,11.235116179657958,0.7971218241038005
22.763385022420522,0.0001499037237034672,0.5663699242427584,10.869969962062045,34.56523804125138,56.04199512152926,0.126776427162951,6.7358074174212215,0.7273561297585247
21.643031214677556,0.0004963705729896413,4.600933960551011,10.786718756163323,31.134090937649752,37.47112262270245,1.5901381727226698,10.735120446008182,0.7253274023358389
16.781196585222283,0.00010213973726166308,2.263677441749205,8.449317866512772,64.69088250920439,135.28561048372293,1.0822063918091431,8.759708032147033,0.7475008387429104
2.32522239723225,0.000577528513817394,8.284781110802468,13.689883768361796,53.074106908830665,98.36549066139976,1.129142900455558,10.393315974775629,0.6998401537164567
15.299822768079121,0.0005694503015399602,2.3745357292999087,7.839986010844439,72.00465738077077,64.60868694522168,1.6537778936790832,14.193953929427808,0.7784264282225011
14.345718808818383,0.00012325904815326677,4.434941702519134,14.979511860628767,41.290862594837435,49.91879993968591,0.6577748491951565,8.553180050388129,0.8745665450458557
4.904579059989731,0.0002667956020080777,7.574968776550445,5.4356044187612245,65.85846041906552,28.070171813576135,0.2980367416770409,18.69547805466999,0.6957633925729875
10.231469762477621,0.00019505215615652795,2.9964577980801685,11.076201612192552,55.553840500697206,62.66411920286222,1.3162720511728199,6.747016160603993,0.6968434393796181
24.85821475248385,0.0006077626765395763,8.219703006860854,14.031097483924208,72.57143170683453,63.693772475732146,0.8593096755060247,19.372655523589234,0.7432842613290037
10.523398214744251,8.850829555916553e-05,1.6269259016678859,4.139654128561778,55.914953695522534,149.85889628028036,1.5843206447024762,14.555620968395946,0.6311398913831343
18.687965793864443,0.0007293052400666393,8.41661586254184,14.086277147624113,54.93266435192045,71.75513335074287,1.2892788663803367,1.36043148959293,0.8627954270637509
23.236649337297862,0.0006902128426501732,3.3005585464176264,4.783313873365644,45.795641436516036,70.10347467484767,0.42593330657556705,9.425194110882357,0.7162802552339509
9.406257218504981,0.0003688275202461188,4.103504052438408,10.81545716953692,39.24155280748788,108.97475608036625,1.3859597613724026,4.484367222148721,0.7418109221970787
16.643856347275417,0.0006447210117614086,1.1478101153740154,12.51424426811233,60.77531669591675,80.8581543638718,0.3701274014923618,2.8574981133354704,0.8616058051948015
16.53411889507549,0.000938978047507468,7.034322495119905,2.467238409070102,27.007077139953825,126.66143378369475,0.28504032747257935,18.221140882468198,0.8648558466831688
4.5648365929389,0.00031407691862154124,6.74128150915167,4.341850941019748,60.12450240487937,127.16224897456328,0.8140776452763511,2.2287887015239054,0.6735854556332084
1.0665284929848762,0.0002828224768071345,2.728175153927261,13.149845073865077,54.06591388389104,35.64087762796822,1.595644775607789,10.367748087910554,0.6176917488867375
18.27500807456919,0.00024457623194160203,1.1933143816176632,4.809089605127957,68.4945854117027,48.26797361600429,1.4703808756883983,2.748577786796328,0.7115918434524596
4.2996951990722785,4.0979253641100366e-05,1.738617814455394,13.080895257572251,27.012295425977502,50.07849421817827,0.8931271735325237,5.427738295151983,0.6311982653475785
21.81950282072879,0.00031583258799489176,0.9647921353755349,7.270194192657198,41.85181388401292,113.75980150436071,0.9034338902423792,8.42104101541269,0.6310204338245754
8.251498616711057,0.0008411316488804319,9.877722701931487,3.327425052643296,32.750596556117046,125.73035356306204,0.9498642191053088,12.149882011425147,0.7731178038562448
4.150476077564934,3.781998548192355e-05,4.819285533356878,3.2340756578895773,63.48510866857539,135.6638418374351,1.957695519035464,4.817729930015036,0.5321450859912445
14.872739594448303,0.0007022882690952644,4.696142289166098,14.200990472766463,61.11465492253863,52.51494795494246,1.6499792052661737,15.71094601170055,0.8811140375431239
4.686051280458566,9.98111528212456e-05,5.402368269524004,13.63491736151264,35.898153859407884,66.4913918360152,0.32172752909007724,2.5454432577230035,0.6995616713630615
8.987289227357492,0.0002868328197520757,7.939104785417131,5.082334809188866,28.807236654992725,131.96163516955187,1.865026964298486,2.6006417762501903,0.6920058970916197
5.294796850035676,0.0006474796659267829,7.994247998970158,10.420362951355711,39.949084456451445,145.279136386625,1.8350542497624533,12.685451303467518,0.7204030528168838
10.719128113063965,0.0004046064482334589,3.0382999233520187,8.420839340019231,29.468537509779843,95.31661105917487,0.259921520656119,15.648315188582972,0.7721266192720426
18.02747387178413,5.4088313051614634e-05,7.680764924064827,14.683683602305727,27.337265984895033,23.126607593660225,0.3831884472454502,15.127295864059535,0.8441120514299749
2.9194994118889017,0.0007255707162818802,4.994749363304837,4.948309533529532,27.951254813989067,148.3776116910506,0.3334182821517889,8.923346225592228,0.6358683653306214
12.31227536681839,0.0006213356601656176,5.279787504269782,13.997207347603423,37.79362513403913,67.73425522340455,1.337454253716928,9.482656272665368,0.8372572192360549
22.387171044869728,0.0005600442333057724,7.830836451926025,6.136098435375579,37.22468880021038,36.20495963384937,1.014015343550779,9.018984745339413,0.7900563198653643
0.19272042991057226,0.0008947458387806076,8.867582383713458,11.988491505028536,65.14231206422508,76.17498708571361,1.6671973203501484,19.91135734751955,0.6236271560150388
23.65676926727943,0.00022594726152172766,7.084215398454014,2.910757135046021,61.28977263111851,63.397914832606205,1.0497001330165692,9.822969124480824,0.6624334481363505
7.936448367280315,0.0005283794587932899,6.690847387721953,3.994852451153626,62.17525933202441,119.7459852824903,1.3742789377996805,7.736966214019902,0.7050538355673881
20.334032100247043,0.0008099260338271483,3.575955290147801,5.424131751535289,66.2932611403226,85.12935906229353,0.392667721003331,11.393680265651845,0.8191447195494714
11.727352754557991,0.000219358995113667,3.7691396554415824,10.959169864508997,73.05520126653438,27.931384158509445,0.9556512340098892,17.139934207887816,0.8007667830099113
23.99092458348514,0.0006940031509642967,1.3663447895636878,12.849918413997798,54.99996532844628,92.44206408313416,0.9422465509422486,14.397113066761886,0.7192090125522759
9.058515694235043,7.703992399272628e-05,5.565193194006385,11.438392568207455,33.457576480721286,126.88670408157599,0.17540546862009138,9.931883502720318,0.7470508833534212
15.526988812352213,0.0009177860857169912,7.166705527299999,3.1646080286174474,46.67233489463415,55.77750338386111,1.0226239844362026,4.436363410446022,0.9028026287447419
12.298116683765548,0.0002298296355824026,4.5453328662590655,5.847380933974912,62.68279938888677,34.63906658836744,1.229652036363937,2.8806039539888104,0.7964768208709548
5.872791082171994,0.0005833990191621126,8.809616005128893,8.8413246922524,49.81523628662988,96.08038733561513,1.500628069026724,14.474594915169117,0.67427059624659
7.601746970357688,0.0005137441073406469,5.463310384168655,14.57582517117041,26.780569585148,147.2761726702554,0.7630504518104143,12.888291012560666,0.7702367885258886
5.751353432427815,0.00036624254641678847,7.117652653556899,7.007427696650578,68.45475672946931,27.047400822528683,1.0082191396581393,15.546619583911689,0.7133942491157094
1.7509144242762076,0.00085828862962651,8.645485364178276,7.786866074906404,60.41328202608949,57.88745854376904,0.9444394409346155,11.582177609044118,0.6953509767517506
8.56994535844186,7.559093066239567e-05,8.016910627459483,9.626649849641428,48.08550280566109,90.38258710777129,0.3411841637748546,5.129398668148691,0.700946493086286
15.672360672656927,0.0008711230712671075,8.737835781150089,4.893092885678906,57.00886025204603,58.15420624991181,1.7382352360084932,4.676453040250488,0.8364711991087886
0.5873146663173648,0.0003592525068415216,8.545740461896782,4.701212628765051,25.15537338774442,112.41243996300841,0.1453266767965972,9.188589739449126,0.6849066713612049
16.54958355442688,0.0008733542246078958,6.486122306789541,7.168306250664968,46.81208083390854,115.36027414977701,0.8758864633945392,17.81882636457299,0.85061902233321
16.39949987644613,0.0006536689798763339,5.6743246237513665,13.254955882370501,48.05426349176572,148.55026272845143,0.6357590810521774,4.942946954600256,0.8405893444007648
23.53955060001642,0.0006045545469547824,9.835034957883067,12.467009104392224,53.21912659537122,117.39742706856455,0.2469136748153223,4.025237701822711,0.7928737075182849
11.28291245343102,0.0007082704246790643,1.9710693495379292,5.476285828525358,63.898061185388805,144.71542232925881,1.763683853951726,15.398184674052356,0.6993423663213221
0.5060214511360296,0.0007139098172204981,5.8718597438712035,13.431252846952654,76.81006457080315,126.4237666847325,0.6726549096424004,5.955922277863881,0.666873582942987
12.235997187764893,0.0002818700460494318,7.698573251457839,6.643736335419331,56.26237714327973,101.25020189297834,1.0449477707086767,13.210762263277168,0.8302308782040795
2.0104686409376935,0.0004608310210015775,0.81115337698882,11.92097902076557,78.41109308912569,39.08098844568166,0.7108462038945823,6.6994824450407,0.6255494812589114
14.838613483369334,0.00012521769827190203,2.458424805520221,5.6716888425683205,52.00290104644179,145.01687266074825,1.3908780340706834,14.945432538181308,0.7437182183242934
7.7789575607428025,0.0004032427059616014,5.112509035740922,7.039532805061327,42.70236567337546,92.84514857720768,0.11387326113163682,18.834805608249376,0.7268540893346415
6.2436994361874,0.0009134617190658587,5.3564457130783,3.2626322503921505,46.99770966089885,139.36324560651116,0.7777012116860627,9.577343588387485,0.7594312577641404
19.544596423051992,0.0008980238825210255,2.426526395473448,14.958930583535832,72.13634599986528,76.31866966048236,0.5762211834674186,3.7117897927860426,0.8513229389355981
13.956901361818538,0.0001066990535169739,9.391642300919756,2.402222216031207,53.33927173736488,84.04270364374278,1.270386207059742,11.160455936076515,0.7673387495392264
6.969451142461022,0.0009061052447569297,7.438960067335418,11.687855819491322,34.18405921134475,83.04100090418072,0.9534850249481187,11.794064415257559,0.821048886912096
21.629111045855634,0.0008309254498909292,5.755565210008212,7.590942940006028,37.555884171144186,90.77700082778007,1.9217638003389879,10.920195287547433,0.7645067776564233
8.605825404687039,0.0001350966433740733,9.455921483351908,9.37784485150846,48.80293594945692,137.87476169093054,0.26986658880841397,5.187115823336502,0.7714580152420968
4.881681451308573,0.0007544290997117326,9.86475576822246,2.3358600582045677,47.847550425981275,132.14954198273955,0.5661350715385162,17.712728633235084,0.6883508247483486
13.01423874063249,0.0006735283666408072,4.747501093539895,2.838333315350914,72.67198898365751,23.551386576047108,0.6058013794444168,5.8090575592754075,0.8938329430913439
17.34339339689408,0.0004299071657388258,1.1051743142317496,2.0351305044779266,35.879937173276794,38.48553933068867,0.34743679202408373,13.888205007617943,0.7981955050848807
24.41797387304519,0.0009929730207599075,0.5875211009448401,6.1530136851950274,56.88141639485954,134.04545986730892,1.43885105962849,6.54331937187469,0.6908353473184307
22.441132192214113,0.00034053987191503404,6.407351492880798,12.25749766017874,57.1631450551893,102.47736832503676,0.3734454435837169,5.6449875179283096,0.7506424663008678
4.993848678723378,0.0008604097901031483,7.912381552474837,2.2499562108973437,30.089859722416108,61.471402646900664,1.9023680917465844,16.80144650534229,0.676973900694152
16.59335603204702,0.0007974913845056164,4.784030937674367,5.764292301109293,27.23369614169207,95.04315353132922,0.17058104000568547,1.4284483659484284,0.8805272882558958
5.544640208241244,0.00032277063014757393,6.127220932312432,5.295016545931897,32.548950109311036,102.61966661596269,1.9093918167182427,13.413265910233687,0.6531219100755975
5.052075272728347,0.0008393048630657964,2.4033733939122097,5.225252736241977,53.653067778581885,79.59075067354468,0.16532330394136047,11.887800135969718,0.728910102303655
10.940914946549327,0.0005403261311730757,2.0854253881824443,10.8293302617111,29.785498173599155,61.53756388084006,1.7526566114466768,11.468142237555524,0.7164899885785379
3.6674167480598507,0.0006285522555872251,1.8694952800411966,12.638462019823077,49.899432052436254,57.358103478183175,0.20465069954666348,11.279989755016242,0.720939264747513
2.0213135936946443,0.000275984213182478,4.224411785410495,8.031605463015744,73.30332494111195,51.8184764415667,0.43289974291378897,17.08173091568786,0.6830600962395358
3.3604909387116146,0.0005327331471944709,0.8881299599425712,9.794907023110952,38.025824683774445,88.63061924064509,0.1545538767033874,16.76379838002749,0.6720746108692238
1.6288679310751848,0.00045815505017011564,4.50633702625067,10.567083725472648,76.91997178332211,85.45014697568138,1.3456989255798704,13.024460998413897,0.6179783859789512
21.859579676009464,0.0007308528591118688,2.169790702669266,10.634812707045842,53.95210247367216,29.79532868418351,1.4348532158733744,16.945191546453955,0.7141754219220451
11.461848279117708,3.5079566414227926e-05,5.186882680386403,10.209846078741663,64.78789253451582,71.4193087743686,1.4791599265462034,12.187634745936187,0.7032169141516802
10.086623860774916,0.0005526731985371923,5.340756949671983,6.886484283746993,44.66471049732763,80.4292770450318,1.1097429652405653,14.618662603154135,0.7529138656596337
16.079694983803645,0.000428266782520835,4.136635028066055,7.236240156266416,70.00746778223143,20.126114720831183,1.6606958751739436,19.279523347613367,0.7978391570189249
23.36656049379095,0.0003495464983622311,8.460861142808808,3.801950767138414,76.17379471604397,73.90759908009815,0.5377563408707208,7.040730529718984,0.7349319174751677
17.585104990660767,0.0001810477438519224,1.6986900556120448,8.20468859584895,62.82423372916663,97.87215200295576,1.7775664438076872,18.437180449173233,0.7118479682742646
23.604346285826594,0.00011520015560690993,1.8337514278777982,7.073576376693614,44.3919059514332,72.53673346143395,1.5212894491073452,1.7887249805829577,0.6571281082413366
22.334598251184705,0.0005555122763896479,6.518636949956518,10.994644273650932,67.14228439241992,147.15309697641572,0.5622419145843411,6.817117772126219,0.7614086861439187
16.989628435100695,0.0008478537061835461,3.9342806576668816,12.53500684227669,51.05882742055479,139.2007627673214,1.0836037703632675,17.268240905705678,0.868673987392118
11.52474091008494,0.0005067085413785202,7.373656249358237,7.870024738942884,29.136673202637425,107.31332810054946,1.4904056577290328,2.7121411736599614,0.7824918359960128
5.717308676591405,0.00017407995487527924,2.231212382535863,6.679406209454104,52.874909547472825,105.46971045359616,0.4763998546746563,5.76035662118,0.6867740739762861
3.21587142030485,0.0007008324815641003,2.059492443764353,14.528118221959046,60.072337479319074,65.48035063180106,1.2156346433859315,13.851013525723145,0.6282122112092459
16.763040536362634,0.0005341719323594998,7.619549425838896,11.724058901475047,41.70395749866893,42.73831378820333,1.2484217709691812,8.615524847652686,0.8515737121623855
5.018699932282444,0.00041525761651452984,0.36744787215673524,2.7895837665462757,68.16903243338032,59.99462352562065,0.8434310392886367,14.12328132583482,0.653215295286538
23.854903170693493,3.217534456599733e-05,9.289014847828772,11.805281094045647,48.22341901251288,145.767705830544,0.7691751595730859,19.471296745276398,0.6952677373906742
20.139271477733953,0.0008136437050832875,9.218633750454341,4.469163588220207,26.475201787962508,74.37652644308275,1.169164729906966,11.033768845236205,0.8369961906096235
18.991118011872803,0.00021610944611313336,7.759441597414049,6.764055972471317,50.99361536379847,51.2420197116936,1.232812797769466,8.857201117632428,0.7838541646237659
17.080218898973918,9.945514013976236e-05,0.9231686393214813,12.623339103769075,43.63443108001386,62.289857189972125,1.7600895250688613,19.0845395582078,0.7568755723757734
20.238417321277783,0.0007537175002680608,1.2770656082202756,8.904916637715722,42.97141814169895,88.82123101142926,1.0412285666594547,12.403261545179637,0.7735597292399325
2.4333816567588706,0.00035448601248846566,2.3575697857187357,4.772824454111983,59.55033671764214,108.2900982757354,1.4851361528179894,12.351924887359933,0.5764177228655497
1.1539305826946311,0.0008259200779075482,9.791345026699588,10.192768919547538,73.4170030442994,99.83735687876946,1.2198140544898997,3.879286071932971,0.726450594013103
5.472317691287152,0.0009431490852919749,2.6459221219217146,9.133199342140342,59.68150641344145,138.44550021746318,0.21723331025346682,5.599999190920097,0.7648681270318879
1.8577581315355332,0.0004620275828216385,0.25606657723653753,2.1573161864054136,75.074445982361,137.32185724757315,1.184090508603955,5.110405252890127,0.560386864624588
17.499519609577465,0.0008159249948700366,6.172268565246252,9.74065365113843,38.851264825609654,142.32674052020792,1.405749996407484,13.47941592466677,0.8219097973380721
10.258040262429683,4.013729358604161e-05,7.306084659097817,10.104145533199834,45.02067407768743,43.967881051566835,0.4432402423514076,14.579009682747852,0.7787606433231493
3.482500530460939,0.0009218141442707624,1.415081989581039,9.839660452912687,58.6903111848461,136.48413237740152,0.29073892660899203,17.974076533486155,0.6781732257032247
19.35228787449966,0.0003432576677363372,7.649132450118395,8.014124087409872,33.90190265634387,40.316267673561214,1.1760740258345703,13.457983268082653,0.8107542897732318
16.46774035466949,0.0008991029098411318,8.690553116094234,3.546459411439669,29.061524020679208,120.55053635378465,1.819316907703767,8.040356659097885,0.7687557317946218
2.503393501002299,0.0007570818279942529,1.311513135532382,4.6179237877767285,45.348520706033455,98.67614964998273,1.3310957045452243,8.742833096382059,0.5697415421038998
12.659567052404178,0.0005438870397944791,1.259929686268435,10.899823586847333,46.70503845609716,26.14998800389969,0.38832828201627123,12.490629689753444,0.8206027755621254
22.088535200410305,0.0008630111431969397,7.946888871144601,7.9305719649072275,45.26767105926835,44.33734253761736,0.5248924977516143,6.056963617946018,0.8240079406602311
21.722198907558532,0.0008849207886591745,9.502731950346762,10.504536303076394,61.57321740621382,144.14530752253137,1.9384966817830986,4.558526114895788,0.6991634923673706
1.7958124410444278,0.00015738099826629492,4.878941416206017,6.476888750949601,44.25916841012805,141.7888994021198,1.6125259924604676,16.183567098657825,0.5724691463016311
10.014920828367698,0.00011964986300938572,4.914841760412899,8.791590340279644,72.3595648136308,57.61540488078245,1.8715917729824727,4.4200510361767025,0.7157762941939857
10.557169427245704,0.00044361398479454066,5.739961375411926,10.760722918110673,31.948229697254288,134.8469234536425,0.871862820382643,6.980586991795473,0.8284721946440162
2.09602952678691,0.00031674385979285196,7.9783339915499445,9.999919172998265,33.01028402173171,84.90271063597649,0.4574384242736873,16.645970970719162,0.7030673064949957
23.17432873255349,0.0003802119603684212,0.9388330471059101,13.823147771802823,70.92204861167426,128.60760793277322,0.35884060104836035,12.451023509034098,0.7338222351357159
3.1319181352051735,0.0009192134965626844,8.791830525117462,5.880017298839548,79.50704521918409,89.19129196796996,0.3787950379064752,18.582705390684406,0.8025521292431348
19.43740181131818,0.0004178755358397948,6.371250262517594,11.377628875253887,57.83670889971557,73.1783589733815,0.6543718988673972,8.96156617418373,0.800753081265328
12.864811886107983,0.00014112842639266127,5.240195964590011,2.925117435943698,44.0559618702879,140.16457538086067,0.2273361891051257,4.378259844661139,0.7379793831337866
20.884416310755068,0.00018413905954397876,3.952969402655147,2.1947840106824317,51.550356197125794,77.35720317050372,0.48776015529163785,18.629593474456705,0.7063295289581699
11.79514811625173,0.0004682619360068087,6.197754763119968,14.291427732056828,39.47992418440794,51.68086964309428,1.307169865987228,4.181583627301649,0.8085499206648155
24.160915881243138,0.00023602754911212042,4.331129822605701,6.068426550735174,75.9996210455769,119.32796819109635,0.9740083750157874,3.4608923061665484,0.6403401632796584
4.514211173315949,0.0007108735240829814,2.946799459860782,5.00616267295521,66.60608660960204,58.98198866082042,1.781254578468493,12.54947915769073,0.6132616952079258
20.3598655515216,0.00018862674618379423,8.676169175620464,2.3537498247599973,46.53515715094692,118.33364535387005,0.3371731724172191,17.40878439056082,0.7701228770285349
9.174328217632695,0.0006241582430518768,0.8282273229910602,3.308236848951224,79.62990865107969,38.664898322176526,1.9665742945033557,4.980507226957277,0.6937224624503664
3.5178710508027664,2.1621336406199408e-05,5.380651850501244,10.6604931901552,46.1136653219376,133.67470137708267,1.7494448164332528,8.68124128362546,0.5743105763319747
7.709212009727813,0.0005644357740404351,3.502659353815696,3.1069579129772515,38.477851908905,58.56997877016503,0.8897156884150182,8.29423834031239,0.7231920907015957
20.258951719279388,0.0003354579149756031,2.554004060048271,12.189027163753071,49.35910536212824,143.2755866829743,1.0715113511350263,5.687856676295026,0.7175643472183515
10.158848917385937,7.111977486826547e-05,9.34807917557777,11.783508004278696,27.64011696416318,94.92447626682775,0.3751988427730545,4.884517901765174,0.8247094846386361
4.0208784912186495,0.0003843022672711962,0.49492643033620387,7.5343011070640244,44.89034979135866,49.062580431887994,1.8268704523361705,16.361128112066957,0.5909715494063201
21.756877149756175,8.999905356390047e-05,0.41165869315899495,11.67290866123111,74.9606052640828,100.7989795607931,0.7481103278953563,1.1533179167679202,0.6728174716123207
6.971734607374555,0.000686313454873547,3.452397081240995,11.22848339490142,72.94174485003373,138.0055195216362,0.4700264582927357,18.777748596450955,0.7669120458494731
2.3898835496471023,0.0009423016460044013,9.17360355268642,2.3161994337725567,79.16926642922174,111.95411458098326,1.5391431952745187,12.826250292685076,0.6944323350026499
18.558877594235838,0.0005520763368267894,8.62760232568124,7.341024635471738,38.64385673455628,111.05182112398118,0.5321483881698159,18.161194954790894,0.8714352942598945
15.820758087537984,0.0005076565057470359,0.8535770668139866,13.610644987360581,75.32419027461555,126.03404472621223,1.469393634449992,11.742984184480877,0.7669689401864608
19.197642839070326,0.0007814436071867259,2.2095092848486364,14.718392581987567,39.53432922310583,34.854568214002015,0.8542078466752705,3.8951477245885515,0.8252363106062119
5.672739691564465,0.000587548243902482,5.921386265803406,3.0477928805311594,71.2053750433379,70.94145442303073,0.809834368368667,9.70679928985163,0.6613728581763795
7.590588636108321,0.000601433503059407,7.639675143281058,14.384209127005006,42.5507309889352,75.49916697200686,0.19670972937310743,17.939021571587357,0.8226685923079821
22.506730389373228,0.00041625160209206357,2.3315412680502328,8.604696903887689,50.514739648776825,131.46760477921862,1.7954941449081856,2.289855911614757,0.6552452413092659
20.42932302672525,0.0006389670106668454,0.9968809592302885,13.20510764516126,78.00310687168766,122.91578711551846,0.5588437180861706,19.207614251886923,0.7673627984307514
21.386520519771178,0.000667975314107359,1.4898188139279647,13.967363419486219,28.34626418446298,63.197193439196816,0.4728538092720199,8.309499346286234,0.8374145795249133
8.81010470280653,0.00012105743076403896,2.111017992346829,14.35468961924258,38.217960318391434,111.47498121435935,1.3526041635837065,18.08546184624629,0.6769741224028033
11.363842620090095,0.0005906125650008816,7.807505870400445,5.7076199468741216,65.79548755751497,39.77013378397463,1.0966686143582949,6.425866942846017,0.7969817554742519
7.325470512052434,0.000751361644884096,3.115473736147639,14.157065290946878,68.34991527585291,87.77319599719024,0.2794059630130983,15.53124877197558,0.8059164232591187
15.934877043774126,0.0005240319766019564,1.314078804201789,13.341517953884297,68.67645310851239,59.60458623666913,0.9971960020684109,7.164817279243665,0.8418828684688078
12.07111931703091,0.000619186210907319,1.3948958415055195,14.453915357900305,30.64874667728113,78.50127530684432,0.34011776994474496,15.321801223997321,0.8578642029833738
8.997476019248682,0.0005910001862391168,3.1343533905554324,3.856670848324578,26.026446311905943,146.71872323435667,1.41744326567475,7.397834136346506,0.6936508105124369
2.7416436560404125,0.0005986791001735826,3.8787341682571275,11.730104765610006,32.662441873152495,73.55818936726041,0.7736106631074913,8.990676022098505,0.6837175610219814
